region,sales,clients,sales_per_client
Norte,120000,340,352.94117647058823
Centro,95000,280,339.2857142857143
Sur,134000,410,326.8292682926829
Metropolitana,110000,520,211.53846153846155
